Part,Subject,Full Book Name,Author(s),Publisher,Purpose,Free access to the actual book?,Free route / substitute,Availability
PART 1,Electrical Machines (Machines-I + Machines-II),Electrical Machinery (7th Ed),P.S. Bimbhra,Khanna Publishers,MAIN — RTMNU reference + GATE bible,No - purchase only,"No legal free edition. Buy — Khanna Publishers, or search NDLI.",No - purchase only
PART 1,Electrical Machines (Machines-I + Machines-II),Electric Machines,I.J. Nagrath & D.P. Kothari,McGraw-Hill Education,RTMNU prescribed #1 — follow unit-wise COs,No - free substitute only,No free copy. NPTEL Electrical Machines covers the same syllabus.,No - free substitute only
PART 1,Electrical Machines (Machines-I + Machines-II),Electric Machinery,"A.E. Fitzgerald, C. Kingsley Jr. & S.D. Umans",McGraw-Hill Education,Reference — where Bimbhra is thin,No - free substitute only,No free copy. NPTEL Electrical Machines.,No - free substitute only
PART 1,Electrical Machines (Machines-I + Machines-II),Electric Machinery Fundamentals,Stephen J. Chapman,McGraw-Hill Education,Easiest explanation — only if a concept won't click,No - free substitute only,No free copy. NPTEL Electrical Machines.,No - free substitute only
PART 1,Electrical Machines (Machines-I + Machines-II),Generalized Theory of Electrical Machines,P.S. Bimbhra,Khanna Publishers,RTMNU-only — d-q axis modelling (Machines-II Unit I). 0% GATE,No - free substitute only,No free copy. NPTEL Special Electrical Machines.,No - free substitute only
PART 1,Electrical Machines (Machines-I + Machines-II),Analysis of Electric Machinery and Drive Systems,"P.C. Krause, O. Wasynczuk & S.D. Sudhoff",Wiley-IEEE Press,"RTMNU-only — transient/sub-transient reactances, time constants",No - free substitute only,"No free copy. Steinmetz 'Transient Electric Phenomena' (public domain, free) covers the classical theory.",No - free substitute only
PART 1,Electrical Machines (Machines-I + Machines-II),Special Electrical Machines,E.G. Janardanan,PHI Learning,"RTMNU-only — PMSM, SRM, BLDC, stepper (Machines-II Unit V)",No - free substitute only,No free copy. NPTEL Special Electrical Machines.,No - free substitute only
PART 1,Electrical Machines (Machines-I + Machines-II),Electrical Machines (GATE Practice Book),R.K. Kanodia / Ashish Murolia,Nodia and Company,"GATE numericals — regulation, efficiency, torque-slip",No - purchase only,No legal free edition. nodia.co.in.,No - purchase only
PART 1,Electrical Machines (Machines-I + Machines-II),Electrical Machine Design (elective),A.K. Sawhney,Dhanpat Rai & Co.,Elective only,No - free substitute only,No free copy. NPTEL Electrical Machine Design.,No - free substitute only
PART 1,Electrical Machines (Machines-I + Machines-II),Electrical Machine Design Data Book (elective),"A. Shanmugasundaram, G. Gangadharan & P. Palani",New Age International,Elective only,No - free substitute only,No free copy. NPTEL Electrical Machine Design.,No - free substitute only
PART 1,Power Systems (PS-I + PS-II),Modern Power System Analysis,D.P. Kothari & I.J. Nagrath,McGraw-Hill Education,MAIN — RTMNU prescribed AND GATE standard,FREE BORROW - actual book,"FREE BORROW: archive.org/details/modernpowersyste0000koth (4e, 806pp)",FREE BORROW - actual book (Internet Archive)
PART 1,Power Systems (PS-I + PS-II),Power System Engineering,D.P. Kothari & I.J. Nagrath,McGraw-Hill Education,GATE generation + AC/DC transmission + distribution basics,No - free substitute only,No free copy. MIT OCW 6.061 / NPTEL Power System Analysis.,No - free substitute only
PART 1,Power Systems (PS-I + PS-II),Elements of Power System Analysis,William D. Stevenson Jr.,McGraw-Hill Education,"RTMNU prescribed #1 — line models, per-unit, symmetrical components",No - free substitute only,No free copy. MIT OCW 6.061.,No - free substitute only
PART 1,Power Systems (PS-I + PS-II),Power System Analysis,John J. Grainger & William D. Stevenson Jr.,McGraw-Hill Education,"Best numerical workhorse — L/C, load flow, faults, stability",No - free substitute only,No free copy. MIT OCW 6.061.,No - free substitute only
PART 1,Power Systems (PS-I + PS-II),Power System Analysis,Hadi Saadat,McGraw-Hill / PSA Publishing,Numericals + MATLAB simulation (also helps Sem-8 CAPS),No - free substitute only,No free copy. MIT OCW 6.061.,No - free substitute only
PART 1,Power Systems (PS-I + PS-II),Electric Energy Systems Theory: An Introduction,Olle I. Elgerd,McGraw-Hill / TMH,"RTMNU-only depth — AGC, droop control, excitation systems",No - free substitute only,No free copy. NPTEL Power System Stability.,No - free substitute only
PART 1,Power Systems (PS-I + PS-II),Power System Analysis,Arthur R. Bergen & Vijay Vittal,Pearson Education,RTMNU prescribed — stability & AGC theory,No - free substitute only,No free copy. MIT OCW 6.061.,No - free substitute only
PART 1,Power Systems (PS-I + PS-II),Power System Stability and Control,Prabha Kundur,McGraw-Hill Education,Reference only — overkill for GATE,No - free substitute only,No free copy. NPTEL Power System Stability.,No - free substitute only
PART 1,Power Systems (PS-I + PS-II),Electrical Power Systems,C.L. Wadhwa,New Age International,RTMNU prescribed text #5,No - free substitute only,No free copy. NPTEL Power System Analysis.,No - free substitute only
PART 1,Power Systems (PS-I + PS-II),Power Systems (GATE Practice Book),R.K. Kanodia / Ashish Murolia,Nodia and Company,GATE numericals + question-pattern training,No - purchase only,No legal free edition. nodia.co.in.,No - purchase only
PART 1,Digital Electronics (DEC) — Sem-5 elective,Modern Digital Electronics,R.P. Jain,McGraw-Hill Education,MAIN — RTMNU prescribed #1 + GATE-friendly,No - purchase only,No legal free edition. Buy. Check NDLI first.,No - purchase only
PART 1,Digital Electronics (DEC) — Sem-5 elective,Digital Logic and Computer Design,M. Morris Mano,Pearson Education,RTMNU prescribed #2 AND the classic GATE book,No - free substitute only,No free copy. LEC Vol 4 (in this repo) covers the same ground.,No - free substitute only
PART 1,Digital Electronics (DEC) — Sem-5 elective,Digital Design,M. Morris Mano & Michael D. Ciletti,Pearson Education,"GATE extras: Schmitt trigger, sample-and-hold circuits",No - free substitute only,No free copy. LEC Vol 4.,No - free substitute only
PART 1,Digital Electronics (DEC) — Sem-5 elective,Fundamentals of Digital Circuits,A. Anand Kumar,PHI Learning,RTMNU prescribed #4 — simpler explanations,No - free substitute only,No free copy. LEC Vol 4.,No - free substitute only
PART 1,Digital Electronics (DEC) — Sem-5 elective,Digital Integrated Electronics,Herbert Taub & Donald Schilling,McGraw-Hill,RTMNU prescribed #3 / reference,No - free substitute only,No free copy. LEC Vol 4.,No - free substitute only
PART 1,Digital Electronics (DEC) — Sem-5 elective,Digital Electronics (GATE Practice Book),R.K. Kanodia / Ashish Murolia,Nodia and Company,"K-map, mod-N counters, MUX implementations, ADC/DAC",No - purchase only,No legal free edition. nodia.co.in.,No - purchase only
PART 2,Engineering Mathematics — GATE only,Higher Engineering Mathematics (44th Ed),B.S. Grewal,Khanna Publishers,MAIN theory — read only GATE-syllabus chapters,No - purchase only,No legal free edition. Buy (44th ed). Check NDLI.,No - purchase only
PART 2,Engineering Mathematics — GATE only,Advanced Engineering Mathematics,Erwin Kreyszig,Wiley,"Backup theory only (Linear Algebra, Laplace)",No - free substitute only,"No free copy. Lebl 'Notes on Diffy Qs' (free, full textbook).",No - free substitute only
PART 2,Engineering Mathematics — GATE only,Complex Variables and Applications,James Ward Brown & Ruel V. Churchill,McGraw-Hill Education,Optional — residue theorem clarity only,No - free substitute only,"No free copy. complex-analysis.com (free, full book).",No - free substitute only
PART 2,Engineering Mathematics — GATE only,Fundamentals of Mathematical Statistics,S.C. Gupta & V.K. Kapoor,Sultan Chand & Sons,Optional — Poisson/Normal/Binomial only,No - free substitute only,No free copy. OpenStax Introductory Statistics (free PDF).,No - free substitute only
PART 2,Engineering Mathematics — GATE only,GATE Engineering Mathematics (Practice Book),R.K. Kanodia,Nodia and Company,Numericals — the 13 marks are earned here,No - purchase only,No legal free edition. nodia.co.in.,No - purchase only
PART 2,Engineering Mathematics — GATE only,GATE Engineering Mathematics: Chapter-wise Solved Papers,—,MADE EASY / ACE Engineering Academy,"PYQs, mandatory",No - purchase only,No legal free edition. madeeasy.in / aceenggacademy.com.,No - purchase only
PART 2,Signals and Systems — GATE only (~8 marks),Signals and Systems,"Alan V. Oppenheim, Alan S. Willsky & S. Hamid Nawab",Pearson / PHI Learning,MAIN theory (the bible) — Ch. 1–7 + sampling,Preview only - unusable,Internet Archive = Preview Only (NOT readable). Use MIT OCW 6.003 + Think DSP (in this repo).,Preview only - not readable
PART 2,Signals and Systems — GATE only (~8 marks),Signals and Systems,Tarun Kumar Rawat,Oxford University Press,"Easier, GATE-flavoured alternative — pick this OR Oppenheim",No - free substitute only,No free copy. Think DSP (in this repo) / MIT OCW 6.003 are the free substitutes.,No - free substitute only
PART 2,Signals and Systems — GATE only (~8 marks),Linear Systems and Signals,B.P. Lathi,Oxford University Press,Backup for LTI/systems intuition,No - free substitute only,No free copy. Think DSP / MIT 6.003.,No - free substitute only
PART 2,Signals and Systems — GATE only (~8 marks),Signals and Systems (GATE Practice Book),R.K. Kanodia / Ashish Murolia,Nodia and Company,Numericals — best difficulty match to GATE,No - purchase only,No legal free edition. nodia.co.in.,No - purchase only
PART 2,Signals and Systems — GATE only (~8 marks),Schaum's Outline of Signals and Systems,Hwei P. Hsu,McGraw-Hill Education,Optional extra problem drill,No - free substitute only,No free copy. Think DSP (in this repo).,No - free substitute only
PART 2,Signals and Systems — GATE only (~8 marks),GATE EE Signals & Systems Solved Papers,—,Any coaching compilation,"PYQs, non-negotiable",No - purchase only,No legal free edition. Coaching compilations.,No - purchase only
PART 2,Electric Circuits / Network Theory — GATE only,Fundamentals of Electric Circuits,Charles K. Alexander & Matthew N.O. Sadiku,McGraw-Hill Education,MAIN theory — best beginner→GATE bridge,Check Internet Archive,On Internet Archive but print-disabled collection - check availability. LEC Vol 1+2 (in this repo) cover the same ground.,Check Internet Archive (unconfirmed)
PART 2,Electric Circuits / Network Theory — GATE only,Engineering Circuit Analysis,"W.H. Hayt, J.E. Kemmerly & S.M. Durbin",McGraw-Hill Education,Deeper alternative on transients/steady-state,No - free substitute only,No free copy. LEC Vol 1+2 / Fiore DC & AC Circuit Analysis (free CC).,No - free substitute only
PART 2,Electric Circuits / Network Theory — GATE only,Network Analysis,M.E. Van Valkenburg,Pearson Education,"Reference only — two-port networks, theorem depth",No - free substitute only,No free copy. MIT OCW 6.002.,No - free substitute only
PART 2,Electric Circuits / Network Theory — GATE only,Electric Circuits and Fields (GATE Practice Book),R.K. Kanodia,Nodia and Company,The de-facto GATE network theory problem book,No - purchase only,No legal free edition. nodia.co.in.,No - purchase only
PART 2,Electric Circuits / Network Theory — GATE only,Schaum's Outline of Electric Circuits,Mahmood Nahvi & Joseph A. Edminister,McGraw-Hill Education,Optional backup problems,No - free substitute only,No free copy. LEC Vol 1+2 (in this repo).,No - free substitute only
PART 2,Electric Circuits / Network Theory — GATE only,GATE EE Electric Circuits Solved Papers,—,Any coaching compilation,"PYQs, mandatory",No - purchase only,No legal free edition. Coaching compilations.,No - purchase only
PART 2,Electromagnetic Fields — GATE only,Elements of Electromagnetics,Matthew N.O. Sadiku,Oxford University Press,MAIN theory — best GATE fit,No - free substitute only,No free copy. OpenStax University Physics Vol 2 (free PDF) / Ellingson Electromagnetics (free).,No - free substitute only
PART 2,Electromagnetic Fields — GATE only,Engineering Electromagnetics,William H. Hayt & John A. Buck,McGraw-Hill Education,"Alternative, better intuition — Sadiku OR Hayt",FREE BORROW - actual book,FREE BORROW: 3rd/4th eds on Internet Archive (older eds are the borrowable ones). Open Library OL5420597M,FREE BORROW - actual book (Internet Archive)
PART 2,Electromagnetic Fields — GATE only,Electromagnetic Waves,R.K. Shevgaonkar,McGraw-Hill Education,SKIP — wave propagation not needed for GATE EE,No - free substitute only,SKIP for GATE anyway. OpenStax UP Vol 2 if needed.,No - free substitute only
PART 2,Electromagnetic Fields — GATE only,Electric Circuits and Fields (GATE Practice Book) — EM Fields unit,R.K. Kanodia,Nodia and Company,Numericals — GATE EMT is pure formula application,No - purchase only,No legal free edition. nodia.co.in.,No - purchase only
PART 2,Electromagnetic Fields — GATE only,GATE EE Electromagnetic Fields Solved Papers,—,Any coaching compilation,PYQs,No - purchase only,No legal free edition. Coaching compilations.,No - purchase only
PART 2,Analog Electronics — GATE only,Electronic Devices and Circuit Theory,Robert L. Boylestad & Louis Nashelsky,Pearson Education,MAIN theory — fastest GATE-friendly path,No - free substitute only,No free copy. LEC Vol 3 (in this repo) / TI 'Op Amps for Everyone' (free).,No - free substitute only
PART 2,Analog Electronics — GATE only,Microelectronic Circuits,Adel S. Sedra & Kenneth C. Smith,Oxford University Press,"Standard/deeper — op-amps, active filters, feedback",No - free substitute only,No free copy. MIT OCW 6.012.,No - free substitute only
PART 2,Analog Electronics — GATE only,Op-Amps and Linear Integrated Circuits,Ramakant A. Gayakwad,Pearson Education,Only if op-amps are your weak spot,No - free substitute only,No free copy. TI 'Op Amps for Everyone' (free PDF).,No - free substitute only
PART 2,Analog Electronics — GATE only,Electronic Devices and Circuits,Jacob Millman & Christos C. Halkias,McGraw-Hill Education,Backup/reference only,No - free substitute only,No free copy. LEC Vol 3 / ADI Linear Circuit Design Handbook (free).,No - free substitute only
PART 2,Analog Electronics — GATE only,Analog Electronics (GATE Practice Book),R.K. Kanodia / Ashish Murolia,Nodia and Company,Mirrors GATE patterns exactly,No - purchase only,No legal free edition. nodia.co.in.,No - purchase only
PART 2,Analog Electronics — GATE only,GATE EE Analog & Digital Electronics Solved Papers,—,Any coaching compilation,PYQs — very repetitive section,No - purchase only,No legal free edition. Coaching compilations.,No - purchase only
PART 2,Electrical & Electronic Measurements — GATE only,A Course in Electrical and Electronic Measurements and Instrumentation,A.K. Sawhney,Dhanpat Rai & Co.,"MAIN theory — errors, bridges, potentiometers, CT/PT, wattmeter, energy meter, DVMs, CRO",No - free substitute only,No free copy. NPTEL Electrical Measurements. Check NDLI (Dhanpat Rai titles are often licensed).,No - free substitute only
PART 2,Electrical & Electronic Measurements — GATE only,Electronic Instrumentation and Measurements,David A. Bell,Oxford University Press,Lighter alternative to Sawhney,No - free substitute only,No free copy. NPTEL Electrical Measurements.,No - free substitute only
PART 2,Electrical & Electronic Measurements — GATE only,Electrical and Electronic Measurements (GATE Practice Book),R.K. Kanodia,Nodia and Company,"Error analysis, bridge balancing, CT/PT ratios",No - purchase only,No legal free edition. nodia.co.in.,No - purchase only
PART 2,Electrical & Electronic Measurements — GATE only,GATE EE Measurements Solved Papers,—,Any coaching compilation,PYQs — bridge questions in 2025 & 2026,No - purchase only,No legal free edition. Coaching compilations.,No - purchase only
PART 3,Electrical Power Utilization — RTMNU only,Utilisation of Electrical Power,R.K. Rajput,Laxmi Publications,Prescribed text,No - free substitute only,No free copy. NPTEL Utilization of Electrical Energy. Check NDLI.,No - free substitute only
PART 3,Electrical Power Utilization — RTMNU only,Utilisation of Electric Power and Electric Traction,J.B. Gupta,S.K. Kataria & Sons,Alternative text,No - free substitute only,No free copy. NPTEL Electric Traction.,No - free substitute only
PART 3,PLC and SCADA — RTMNU only (if taken as elective),Programmable Logic Controllers,W. Bolton,Newnes (Elsevier),Prescribed text,No - free substitute only,No free copy. Hugh Jack 'Automating Manufacturing Systems with PLCs' (free CC textbook).,No - free substitute only
PART 3,PLC and SCADA — RTMNU only (if taken as elective),Practical SCADA for Industry,David Bailey & Edwin Wright,Newnes (Elsevier),Prescribed text — SCADA side,No - free substitute only,No free copy. NPTEL Industrial Automation and Control.,No - free substitute only
PART 3,Electrical Machine Design — RTMNU only (if taken as elective),A Course in Electrical Machine Design,A.K. Sawhney,Dhanpat Rai & Co.,Prescribed text,No - free substitute only,No free copy. NPTEL Electrical Machine Design. Check NDLI.,No - free substitute only
PART 3,Programming Techniques & Simulation (MATLAB) — RTMNU only,MATLAB: A Practical Introduction to Programming and Problem Solving,Stormy Attaway,Butterworth-Heinemann,Prescribed text,No - free substitute only,No free copy. Physical Modeling in MATLAB + Think Python (both in this repo) + MathWorks free courses.,No - free substitute only
